{"model.embed_tokens.weight": 0.004873623069205831, "model.layers.0.self_attn.q_proj.weight": 0.016381088568239797, "model.layers.0.self_attn.q_proj.bias": 0.020089285714285716, "model.layers.0.self_attn.k_proj.weight": 0.021144321986607144, "model.layers.0.self_attn.k_proj.bias": 0.0390625, "model.layers.0.self_attn.v_proj.weight": 0.0089111328125, "model.layers.0.self_attn.v_proj.bias": 0.015625, "model.layers.0.self_attn.o_proj.weight": 0.011843311543367346, "model.layers.0.mlp.gate_proj.weight": 0.007243450422932331, "model.layers.0.mlp.up_proj.weight": 0.0037334700276080825, "model.layers.0.mlp.down_proj.weight": 0.006113382210408835, "model.layers.0.input_layernorm.weight": 0.021205357142857144, "model.layers.0.post_attention_layernorm.weight": 0.026785714285714284, "model.layers.1.self_attn.q_proj.weight": 0.00982292330994898, "model.layers.1.self_attn.q_proj.bias": 0.024553571428571428, "model.layers.1.self_attn.k_proj.weight": 0.008893694196428572, "model.layers.1.self_attn.k_proj.bias": 0.0234375, "model.layers.1.self_attn.v_proj.weight": 0.008902413504464286, "model.layers.1.self_attn.v_proj.bias": 0.0078125, "model.layers.1.self_attn.o_proj.weight": 0.008148816167091837, "model.layers.1.mlp.gate_proj.weight": 0.005661813836348684, "model.layers.1.mlp.up_proj.weight": 0.003847738853970865, "model.layers.1.mlp.down_proj.weight": 0.00430802653606673, "model.layers.1.input_layernorm.weight": 0.018973214285714284, "model.layers.1.post_attention_layernorm.weight": 0.0011160714285714285, "model.layers.2.self_attn.q_proj.weight": 0.011850785235969387, "model.layers.2.self_attn.q_proj.bias": 0.018973214285714284, "model.layers.2.self_attn.k_proj.weight": 0.010463169642857142, "model.layers.2.self_attn.k_proj.bias": 0.0546875, "model.layers.2.self_attn.v_proj.weight": 0.010611397879464286, "model.layers.2.self_attn.v_proj.bias": 0.0078125, "model.layers.2.self_attn.o_proj.weight": 0.009389449139030613, "model.layers.2.mlp.gate_proj.weight": 0.004544136219454887, "model.layers.2.mlp.up_proj.weight": 0.0038403962787828946, "model.layers.2.mlp.down_proj.weight": 0.004615726327537594, "model.layers.2.input_layernorm.weight": 0.029017857142857144, "model.layers.2.post_attention_layernorm.weight": 0.002232142857142857, "model.layers.3.self_attn.q_proj.weight": 0.012604382573341837, "model.layers.3.self_attn.q_proj.bias": 0.021205357142857144, "model.layers.3.self_attn.k_proj.weight": 0.011143275669642858, "model.layers.3.self_attn.k_proj.bias": 0.0234375, "model.layers.3.self_attn.v_proj.weight": 0.006504603794642857, "model.layers.3.self_attn.v_proj.bias": 0.015625, "model.layers.3.self_attn.o_proj.weight": 0.009942502391581632, "model.layers.3.mlp.gate_proj.weight": 0.0047940132313204886, "model.layers.3.mlp.up_proj.weight": 0.004125609433740601, "model.layers.3.mlp.down_proj.weight": 0.0049117238898026315, "model.layers.3.input_layernorm.weight": 0.017857142857142856, "model.layers.3.post_attention_layernorm.weight": 0.002232142857142857, "model.layers.4.self_attn.q_proj.weight": 0.011067293128188776, "model.layers.4.self_attn.q_proj.bias": 0.017857142857142856, "model.layers.4.self_attn.k_proj.weight": 0.00958251953125, "model.layers.4.self_attn.k_proj.bias": 0.0234375, "model.layers.4.self_attn.v_proj.weight": 0.0068359375, "model.layers.4.self_attn.v_proj.bias": 0.0390625, "model.layers.4.self_attn.o_proj.weight": 0.01050178372130102, "model.layers.4.mlp.gate_proj.weight": 0.006846492451832707, "model.layers.4.mlp.up_proj.weight": 0.00472288203418703, "model.layers.4.mlp.down_proj.weight": 0.005666402945841165, "model.layers.4.input_layernorm.weight": 0.013392857142857142, "model.layers.4.post_attention_layernorm.weight": 0.005580357142857143, "model.layers.5.self_attn.q_proj.weight": 0.012229452327806123, "model.layers.5.self_attn.q_proj.bias": 0.016741071428571428, "model.layers.5.self_attn.k_proj.weight": 0.012137276785714286, "model.layers.5.self_attn.k_proj.bias": 0.015625, "model.layers.5.self_attn.v_proj.weight": 0.005571637834821429, "model.layers.5.self_attn.v_proj.bias": 0.0234375, "model.layers.5.self_attn.o_proj.weight": 0.008563606106505101, "model.layers.5.mlp.gate_proj.weight": 0.006954107069431391, "model.layers.5.mlp.up_proj.weight": 0.004354147086466165, "model.layers.5.mlp.down_proj.weight": 0.005576685855263158, "model.layers.5.input_layernorm.weight": 0.013392857142857142, "model.layers.5.post_attention_layernorm.weight": 0.0033482142857142855, "model.layers.6.self_attn.q_proj.weight": 0.013083944515306123, "model.layers.6.self_attn.q_proj.bias": 0.026785714285714284, "model.layers.6.self_attn.k_proj.weight": 0.010977608816964286, "model.layers.6.self_attn.k_proj.bias": 0.0078125, "model.layers.6.self_attn.v_proj.weight": 0.007158551897321429, "model.layers.6.self_attn.v_proj.bias": 0.0, "model.layers.6.self_attn.o_proj.weight": 0.01046939772002551, "model.layers.6.mlp.gate_proj.weight": 0.005476643268327068, "model.layers.6.mlp.up_proj.weight": 0.004565246123120301, "model.layers.6.mlp.down_proj.weight": 0.005477102179276316, "model.layers.6.input_layernorm.weight": 0.016741071428571428, "model.layers.6.post_attention_layernorm.weight": 0.0011160714285714285, "model.layers.7.self_attn.q_proj.weight": 0.010374730947066327, "model.layers.7.self_attn.q_proj.bias": 0.015625, "model.layers.7.self_attn.k_proj.weight": 0.010227748325892858, "model.layers.7.self_attn.k_proj.bias": 0.015625, "model.layers.7.self_attn.v_proj.weight": 0.005336216517857143, "model.layers.7.self_attn.v_proj.bias": 0.0234375, "model.layers.7.self_attn.o_proj.weight": 0.009055624202806123, "model.layers.7.mlp.gate_proj.weight": 0.006643424356790413, "model.layers.7.mlp.up_proj.weight": 0.0055438737223919175, "model.layers.7.mlp.down_proj.weight": 0.006853146660596805, "model.layers.7.input_layernorm.weight": 0.011160714285714286, "model.layers.7.post_attention_layernorm.weight": 0.0011160714285714285, "model.layers.8.self_attn.q_proj.weight": 0.011185626594387755, "model.layers.8.self_attn.q_proj.bias": 0.021205357142857144, "model.layers.8.self_attn.k_proj.weight": 0.010079520089285714, "model.layers.8.self_attn.k_proj.bias": 0.0234375, "model.layers.8.self_attn.v_proj.weight": 0.008954729352678572, "model.layers.8.self_attn.v_proj.bias": 0.0, "model.layers.8.self_attn.o_proj.weight": 0.009783063616071428, "model.layers.8.mlp.gate_proj.weight": 0.007802403959116542, "model.layers.8.mlp.up_proj.weight": 0.005525058373472744, "model.layers.8.mlp.down_proj.weight": 0.006607170391799812, "model.layers.8.input_layernorm.weight": 0.022321428571428572, "model.layers.8.post_attention_layernorm.weight": 0.0, "model.layers.9.self_attn.q_proj.weight": 0.014114068478954082, "model.layers.9.self_attn.q_proj.bias": 0.026785714285714284, "model.layers.9.self_attn.k_proj.weight": 0.012381417410714286, "model.layers.9.self_attn.k_proj.bias": 0.03125, "model.layers.9.self_attn.v_proj.weight": 0.006495884486607143, "model.layers.9.self_attn.v_proj.bias": 0.015625, "model.layers.9.self_attn.o_proj.weight": 0.01055160833864796, "model.layers.9.mlp.gate_proj.weight": 0.007601400963345864, "model.layers.9.mlp.up_proj.weight": 0.006046840122767857, "model.layers.9.mlp.down_proj.weight": 0.007721635632048873, "model.layers.9.input_layernorm.weight": 0.017857142857142856, "model.layers.9.post_attention_layernorm.weight": 0.0, "model.layers.10.self_attn.q_proj.weight": 0.011225486288265306, "model.layers.10.self_attn.q_proj.bias": 0.018973214285714284, "model.layers.10.self_attn.k_proj.weight": 0.011143275669642858, "model.layers.10.self_attn.k_proj.bias": 0.015625, "model.layers.10.self_attn.v_proj.weight": 0.00909423828125, "model.layers.10.self_attn.v_proj.bias": 0.015625, "model.layers.10.self_attn.o_proj.weight": 0.011663942920918368, "model.layers.10.mlp.gate_proj.weight": 0.008587600593280075, "model.layers.10.mlp.up_proj.weight": 0.005745335629111842, "model.layers.10.mlp.down_proj.weight": 0.007359554893092105,